<code_scheme name="Default" version="173">
  <option name="INSERT_INNER_CLASS_IMPORTS" value="true" />
  <option name="CLASS_COUNT_TO_USE_IMPORT_ON_DEMAND" value="50" />
  <option name="NAMES_COUNT_TO_USE_IMPORT_ON_DEMAND" value="30" />
  <JavaCodeStyleSettings>
    <option name="INSERT_INNER_CLASS_IMPORTS" value="true" />
    <option name="CLASS_COUNT_TO_USE_IMPORT_ON_DEMAND" value="50" />
    <option name="NAMES_COUNT_TO_USE_IMPORT_ON_DEMAND" value="30" />
    <option name="JD_INDENT_ON_CONTINUATION" value="true" />
  </JavaCodeStyleSettings>
</code_scheme>