<keymap version="1" name="Windows_sai_2022" parent="$default">
  <action id="Arrangement.Alias.Rule.Match.Condition.Move.Down" />
  <action id="Arrangement.Rule.Group.Condition.Move.Down" />
  <action id="Arrangement.Rule.Group.Condition.Move.Up" />
  <action id="Arrangement.Rule.Match.Condition.Move.Down" />
  <action id="Arrangement.Rule.Match.Condition.Move.Up" />
  <action id="Back">
    <mouse-shortcut keystroke="button4" />
    <keyboard-shortcut first-keystroke="alt left" />
  </action>
  <action id="CollapseAll">
    <keyboard-shortcut first-keystroke="ctrl subtract" />
  </action>
  <action id="CollapseExpandableComponent">
    <keyboard-shortcut first-keystroke="shift enter" />
    <keyboard-shortcut first-keystroke="ctrl subtract" />
  </action>
  <action id="CollapseRegion">
    <keyboard-shortcut first-keystroke="ctrl subtract" />
  </action>
  <action id="CompareTwoFiles" />
  <action id="Console.TableResult.CloneColumn" />
  <action id="Console.TableResult.CompareCells" />
  <action id="Console.TableResult.NavigateForeignAction">
    <mouse-shortcut keystroke="control button1" />
    <mouse-shortcut keystroke="button2" />
  </action>
  <action id="Console.TableResult.SelectRow" />
  <action id="DSM.ZoomIn">
    <keyboard-shortcut first-keystroke="ctrl add" />
  </action>
  <action id="Diff.NextChange" />
  <action id="Diff.PrevChange" />
  <action id="Diff.ShowDiff" />
  <action id="Diff.ShowSettingsPopup" />
  <action id="EditorDecreaseFontSize">
    <keyboard-shortcut first-keystroke="ctrl minus" />
  </action>
  <action id="EditorDeleteLine">
    <keyboard-shortcut first-keystroke="ctrl y" />
    <keyboard-shortcut first-keystroke="ctrl d" />
  </action>
  <action id="EditorDuplicate" />
  <action id="EditorIncreaseFontSize">
    <keyboard-shortcut first-keystroke="ctrl equals" />
  </action>
  <action id="EditorLineEnd">
    <keyboard-shortcut first-keystroke="end" />
    <keyboard-shortcut first-keystroke="ctrl alt right" />
  </action>
  <action id="EditorLineEndWithSelection">
    <keyboard-shortcut first-keystroke="shift end" />
    <keyboard-shortcut first-keystroke="shift ctrl alt right" />
  </action>
  <action id="EditorLineStart">
    <keyboard-shortcut first-keystroke="home" />
    <keyboard-shortcut first-keystroke="ctrl alt left" />
  </action>
  <action id="EditorLineStartWithSelection">
    <keyboard-shortcut first-keystroke="shift home" />
    <keyboard-shortcut first-keystroke="shift ctrl alt left" />
  </action>
  <action id="EditorLookupDown" />
  <action id="EditorLookupUp" />
  <action id="EditorNextWordInDifferentHumpsMode">
    <keyboard-shortcut first-keystroke="shift alt right" />
  </action>
  <action id="EditorPreviousWordInDifferentHumpsModeWithSelection">
    <keyboard-shortcut first-keystroke="shift alt left" />
  </action>
  <action id="EditorScrollDown" />
  <action id="EditorScrollUp" />
  <action id="ExpandAll">
    <keyboard-shortcut first-keystroke="ctrl add" />
  </action>
  <action id="ExpandExpandableComponent">
    <keyboard-shortcut first-keystroke="shift enter" />
    <keyboard-shortcut first-keystroke="ctrl add" />
  </action>
  <action id="ExpandRegion">
    <keyboard-shortcut first-keystroke="ctrl add" />
  </action>
  <action id="ExpressionTypeInfo" />
  <action id="ExternalSystem.CollapseAll">
    <keyboard-shortcut first-keystroke="ctrl subtract" />
  </action>
  <action id="ExternalSystem.ExpandAll">
    <keyboard-shortcut first-keystroke="ctrl add" />
  </action>
  <action id="ExternalSystem.ProjectRefreshAction" />
  <action id="FileChooser.GotoDesktop" />
  <action id="FindInPath" />
  <action id="FindNext">
    <keyboard-shortcut first-keystroke="f3" />
    <keyboard-shortcut first-keystroke="alt down" />
    <keyboard-shortcut first-keystroke="alt up" />
  </action>
  <action id="FindUsages">
    <keyboard-shortcut first-keystroke="alt f7" />
    <keyboard-shortcut first-keystroke="ctrl g" />
  </action>
  <action id="ForceOthersToFollowAction" />
  <action id="Forward">
    <mouse-shortcut keystroke="button5" />
    <keyboard-shortcut first-keystroke="alt right" />
  </action>
  <action id="Generate">
    <keyboard-shortcut first-keystroke="alt insert" />
    <keyboard-shortcut first-keystroke="shift space" />
  </action>
  <action id="GotoAction">
    <keyboard-shortcut first-keystroke="shift ctrl a" />
    <keyboard-shortcut first-keystroke="shift ctrl p" />
  </action>
  <action id="GotoDeclaration">
    <mouse-shortcut keystroke="control button1" />
    <mouse-shortcut keystroke="button2" />
    <keyboard-shortcut first-keystroke="shift ctrl up" />
    <keyboard-shortcut first-keystroke="alt g" />
  </action>
  <action id="GotoImplementation">
    <keyboard-shortcut first-keystroke="ctrl alt b" />
    <mouse-shortcut keystroke="control alt button1" />
    <keyboard-shortcut first-keystroke="ctrl t" />
    <keyboard-shortcut first-keystroke="shift ctrl down" />
  </action>
  <action id="GotoLine">
    <keyboard-shortcut first-keystroke="ctrl l" />
  </action>
  <action id="GotoRow" />
  <action id="GotoTest" />
  <action id="GotoTypeDeclaration">
    <mouse-shortcut keystroke="shift control button1" />
    <keyboard-shortcut first-keystroke="alt t" />
  </action>
  <action id="Images.Editor.ZoomIn">
    <keyboard-shortcut first-keystroke="ctrl add" />
  </action>
  <action id="Images.Editor.ZoomOut">
    <keyboard-shortcut first-keystroke="ctrl subtract" />
  </action>
  <action id="Jdbc.OpenConsole.New" />
  <action id="Jdbc.OpenConsole.New.Generate" />
  <action id="Maven.CollapseAll">
    <keyboard-shortcut first-keystroke="ctrl subtract" />
  </action>
  <action id="Maven.ExpandAll">
    <keyboard-shortcut first-keystroke="ctrl add" />
  </action>
  <action id="MethodDown" />
  <action id="MethodOverloadSwitchDown" />
  <action id="MethodOverloadSwitchUp" />
  <action id="MethodUp" />
  <action id="MoveElementLeft" />
  <action id="MoveElementRight" />
  <action id="MoveLineDown">
    <keyboard-shortcut first-keystroke="shift alt down" />
    <keyboard-shortcut first-keystroke="ctrl down" />
  </action>
  <action id="MoveLineUp">
    <keyboard-shortcut first-keystroke="shift alt up" />
    <keyboard-shortcut first-keystroke="ctrl up" />
  </action>
  <action id="MoveStatementDown" />
  <action id="MoveStatementUp" />
  <action id="NextEditorTab" />
  <action id="NextTab" />
  <action id="OptimizeImports">
    <keyboard-shortcut first-keystroke="ctrl alt o" />
    <keyboard-shortcut first-keystroke="shift ctrl o" />
  </action>
  <action id="PreviousEditorTab" />
  <action id="PreviousTab" />
  <action id="QuickTypeDefinition">
    <keyboard-shortcut first-keystroke="shift ctrl q" />
  </action>
  <action id="Refactorings.QuickListPopupAction">
    <keyboard-shortcut first-keystroke="shift ctrl alt t" />
    <keyboard-shortcut first-keystroke="shift ctrl t" />
  </action>
  <action id="ReformatCode">
    <keyboard-shortcut first-keystroke="ctrl alt l" />
    <keyboard-shortcut first-keystroke="shift ctrl f" />
  </action>
  <action id="RenameElement">
    <keyboard-shortcut first-keystroke="shift f6" />
    <keyboard-shortcut first-keystroke="shift ctrl r" />
  </action>
  <action id="ReplaceInPath" />
  <action id="ResizeToolWindowLeft" />
  <action id="ResizeToolWindowRight" />
  <action id="RunDashboard.CopyConfiguration" />
  <action id="SearchEverywhere.NavigateToNextGroup">
    <keyboard-shortcut first-keystroke="page_down" />
  </action>
  <action id="SearchEverywhere.NavigateToPrevGroup">
    <keyboard-shortcut first-keystroke="page_up" />
  </action>
  <action id="SelectAllOccurrences">
    <keyboard-shortcut first-keystroke="shift ctrl alt j" />
    <keyboard-shortcut first-keystroke="shift ctrl alt d" />
  </action>
  <action id="SelectNextOccurrence">
    <keyboard-shortcut first-keystroke="alt j" />
    <keyboard-shortcut first-keystroke="shift ctrl d" />
  </action>
  <action id="SendEOF" />
  <action id="ServiceView.ShowServices" />
  <action id="ShowBookmarks">
    <keyboard-shortcut first-keystroke="shift f11" />
    <keyboard-shortcut first-keystroke="ctrl b" />
  </action>
  <action id="ShowContent" />
  <action id="ShowSearchHistory" />
  <action id="SurroundWith">
    <keyboard-shortcut first-keystroke="ctrl alt t" />
    <keyboard-shortcut first-keystroke="shift ctrl s" />
  </action>
  <action id="Terminal.ClearBuffer" />
  <action id="ToggleBookmark">
    <keyboard-shortcut first-keystroke="f11" />
    <keyboard-shortcut first-keystroke="shift ctrl b" />
  </action>
  <action id="UML.ShowChanges" />
  <action id="Uml.ShowDiff" />
  <action id="UsageView.ShowRecentFindUsages" />
  <action id="Vcs.Log.FocusTextFilter" />
  <action id="Vcs.UpdateProject" />
  <action id="XDebugger.CopyWatch" />
  <action id="openAssertEqualsDiff" />
  <action id="org.intellij.plugins.markdown.ui.actions.styling.ToggleBoldAction" />
  <action id="org.intellij.plugins.markdown.ui.actions.styling.ToggleStrikethroughAction" />
</keymap>